{"1": {"shape": [512, 512, 96], "spacing": [0.9765625, 0.9765625, 5.0]}, "2": {"shape": [512, 512, 80], "spacing": [1.171875, 1.171875, 5.0]}, "3": {"shape": [512, 512, 87], "spacing": [1.3671875, 1.3671875, 5.0]}, "4": {"shape": [512, 512, 86], "spacing": [1.078125, 1.078125, 5.0]}, "5": {"shape": [512, 512, 98], "spacing": [1.232421875, 1.232421875, 5.0]}, "6": {"shape": [512, 512, 88], "spacing": [1.22265625, 1.22265625, 5.0]}, "7": {"shape": [512, 512, 90], "spacing": [1.3671875, 1.3671875, 5.0]}, "8": {"shape": [512, 512, 81], "spacing": [1.171875, 1.171875, 5.0]}, "9": {"shape": [512, 512, 94], "spacing": [1.17578125, 1.17578125, 5.0]}, "10": {"shape": [512, 512, 86], "spacing": [1.224609375, 1.224609375, 5.0]}, "11": {"shape": [512, 512, 105], "spacing": [1.171875, 1.171875, 5.0]}, "12": {"shape": [512, 512, 103], "spacing": [1.171875, 1.171875, 5.0]}, "13": {"shape": [512, 512, 82], "spacing": [1.1875, 1.1875, 5.0]}, "14": {"shape": [512, 512, 82], "spacing": [1.1640625, 1.1640625, 5.0]}, "15": {"shape": [512, 512, 90], "spacing": [1.08984375, 1.08984375, 5.0]}, "16": {"shape": [512, 512, 88], "spacing": [1.171875, 1.171875, 5.0]}, "17": {"shape": [512, 512, 93], "spacing": [1.171875, 1.171875, 5.0]}, "18": {"shape": [512, 512, 93], "spacing": [1.171875, 1.171875, 5.0]}, "19": {"shape": [512, 512, 101], "spacing": [0.9765625, 0.9765625, 5.0]}, "20": {"shape": [512, 512, 95], "spacing": [1.13671875, 1.13671875, 5.0]}, "21": {"shape": [512, 512, 97], "spacing": [1.287109375, 1.287109375, 5.0]}, "22": {"shape": [512, 512, 108], "spacing": [1.171875, 1.171875, 5.0]}, "23": {"shape": [512, 512, 110], "spacing": [1.169921875, 1.169921875, 5.0]}, "24": {"shape": [512, 512, 93], "spacing": [1.171875, 1.171875, 5.0]}, "25": {"shape": [512, 512, 99], "spacing": [1.087890625, 1.087890625, 5.0]}, "26": {"shape": [512, 512, 109], "spacing": [1.26953125, 1.26953125, 5.0]}, "27": {"shape": [512, 512, 107], "spacing": [1.3671875, 1.3671875, 5.0]}, "28": {"shape": [512, 512, 94], "spacing": [1.130859375, 1.130859375, 5.0]}, "29": {"shape": [512, 512, 96], "spacing": [0.9765625, 0.9765625, 5.0]}, "30": {"shape": [512, 512, 107], "spacing": [1.171875, 1.171875, 5.0]}, "31": {"shape": [512, 512, 82], "spacing": [1.1875, 1.1875, 5.0]}, "32": {"shape": [512, 512, 103], "spacing": [1.3671875, 1.3671875, 5.0]}, "33": {"shape": [512, 512, 90], "spacing": [1.234375, 1.234375, 5.0]}, "34": {"shape": [512, 512, 82], "spacing": [1.1875, 1.1875, 5.0]}, "35": {"shape": [512, 512, 97], "spacing": [1.287109375, 1.287109375, 5.0]}, "36": {"shape": [512, 512, 127], "spacing": [1.171875, 1.171875, 3.0]}, "37": {"shape": [512, 512, 97], "spacing": [0.9765625, 0.9765625, 5.0]}, "38": {"shape": [512, 512, 102], "spacing": [1.07421875, 1.07421875, 5.0]}, "39": {"shape": [512, 512, 97], "spacing": [1.36328125, 1.36328125, 5.0]}, "40": {"shape": [512, 512, 103], "spacing": [1.26953125, 1.26953125, 5.0]}, "41": {"shape": [512, 512, 108], "spacing": [1.169921875, 1.169921875, 5.0]}, "42": {"shape": [512, 512, 104], "spacing": [0.9765625, 0.9765625, 5.0]}, "43": {"shape": [512, 512, 104], "spacing": [1.171875, 1.171875, 5.0]}, "44": {"shape": [512, 512, 87], "spacing": [1.103515625, 1.103515625, 5.0]}, "45": {"shape": [512, 512, 102], "spacing": [1.171875, 1.171875, 5.0]}, "46": {"shape": [512, 512, 90], "spacing": [1.171875, 1.171875, 5.0]}, "47": {"shape": [512, 512, 82], "spacing": [1.10546875, 1.10546875, 5.0]}, "48": {"shape": [512, 512, 95], "spacing": [1.171875, 1.171875, 5.0]}, "49": {"shape": [512, 512, 91], "spacing": [1.3671875, 1.3671875, 5.0]}, "50": {"shape": [512, 512, 94], "spacing": [1.3671875, 1.3671875, 5.0]}}